{
  "public\\app.js": 1776228093.2601962,
  "scripts\\export-to-obsidian.js": 1776288580.4220748,
  "scripts\\import-zip.js": 1776288580.4220748,
  "server\\index.js": 1776209294.068957,
  "server\\prompts\\cardCutter.js": 1776208217.0282803,
  "server\\routes\\ai.js": 1776288580.4190674,
  "server\\routes\\export.js": 1776288580.4200757,
  "server\\routes\\import.js": 1776288580.4210799,
  "server\\routes\\library.js": 1776288580.4210799,
  "server\\routes\\scrape.js": 1776288580.4220748,
  "server\\services\\autocite.js": 1776207147.6632726,
  "server\\services\\docxBuilder.js": 1776207238.158906,
  "server\\services\\docxImport.js": 1776221455.5960457,
  "server\\services\\instantResearch.js": 1776228430.6525362,
  "server\\services\\libraryQuery.js": 1776227671.371036,
  "server\\services\\libraryStore.js": 1776226091.726769,
  "server\\services\\llm.js": 1776288592.7736747,
  "server\\services\\scraper.js": 1776288592.774688,
  "server\\services\\zipImporter.js": 1776208668.2258394,
  "test\\instant-research.test.js": 1776288592.772158,
  "test\\project-cleanup.test.js": 1776288659.9775405,
  "CLAUDE.md": 1776290415.2162507
}